snapshot_date,symbol,contract_date,label,tenor,price
2026-04-13,LQJ26,2026-04-01,Apr 2026,0,134.9
2026-04-13,LQK26,2026-05-01,May 2026,1,129.9
2026-04-13,LQM26,2026-06-01,Jun 2026,2,130.5
2026-04-13,LQN26,2026-07-01,Jul 2026,3,130.95
2026-04-13,LQQ26,2026-08-01,Aug 2026,4,131.4
2026-04-13,LQU26,2026-09-01,Sep 2026,5,131.8
2026-04-13,LQV26,2026-10-01,Oct 2026,6,132.4
2026-04-13,LQX26,2026-11-01,Nov 2026,7,132.95
2026-04-13,LQZ26,2026-12-01,Dec 2026,8,133.5
2026-04-13,LQF27,2027-01-01,Jan 2027,9,134.1
2026-04-13,LQG27,2027-02-01,Feb 2027,10,133.9
2026-04-13,LQH27,2027-03-01,Mar 2027,11,133.05
2026-04-13,LQJ27,2027-04-01,Apr 2027,12,130.4
2026-04-13,LQK27,2027-05-01,May 2027,13,129.35
2026-04-13,LQM27,2027-06-01,Jun 2027,14,128.85
2026-04-13,LQN27,2027-07-01,Jul 2027,15,129.0
2026-04-13,LQQ27,2027-08-01,Aug 2027,16,129.0
2026-04-13,LQU27,2027-09-01,Sep 2027,17,128.8
2026-04-13,LQV27,2027-10-01,Oct 2027,18,128.65
2026-04-13,LQX27,2027-11-01,Nov 2027,19,128.45
2026-04-13,LQZ27,2027-12-01,Dec 2027,20,128.3
2026-04-13,LQF28,2028-01-01,Jan 2028,21,128.3
2026-04-13,LQG28,2028-02-01,Feb 2028,22,127.95
2026-04-13,LQH28,2028-03-01,Mar 2028,23,127.35
2026-04-13,LQJ28,2028-04-01,Apr 2028,24,126.9
2026-04-13,LQK28,2028-05-01,May 2028,25,126.55
2026-04-13,LQM28,2028-06-01,Jun 2028,26,126.45
2026-04-13,LQN28,2028-07-01,Jul 2028,27,126.5
2026-04-13,LQQ28,2028-08-01,Aug 2028,28,126.7
2026-04-13,LQU28,2028-09-01,Sep 2028,29,127.1
2026-04-13,LQV28,2028-10-01,Oct 2028,30,127.45
2026-04-13,LQX28,2028-11-01,Nov 2028,31,127.55
2026-04-13,LQZ28,2028-12-01,Dec 2028,32,127.6
2026-04-13,LQF29,2029-01-01,Jan 2029,33,127.35
2026-04-13,LQG29,2029-02-01,Feb 2029,34,127.2
2026-04-13,LQH29,2029-03-01,Mar 2029,35,126.75
2026-04-13,LQJ29,2029-04-01,Apr 2029,36,126.4
2026-04-13,LQK29,2029-05-01,May 2029,37,126.1
2026-04-13,LQM29,2029-06-01,Jun 2029,38,125.9
2026-04-13,LQN29,2029-07-01,Jul 2029,39,126.0
2026-04-13,LQQ29,2029-08-01,Aug 2029,40,126.25
2026-04-13,LQU29,2029-09-01,Sep 2029,41,126.55
2026-04-13,LQV29,2029-10-01,Oct 2029,42,126.95
2026-04-13,LQX29,2029-11-01,Nov 2029,43,127.15
2026-04-13,LQZ29,2029-12-01,Dec 2029,44,127.2
2026-04-13,LQF30,2030-01-01,Jan 2030,45,127.05
2026-04-13,LQG30,2030-02-01,Feb 2030,46,126.95
2026-04-13,LQH30,2030-03-01,Mar 2030,47,126.55
2026-04-13,LQJ30,2030-04-01,Apr 2030,48,126.35
2026-04-13,LQK30,2030-05-01,May 2030,49,126.15
2026-04-13,LQM30,2030-06-01,Jun 2030,50,126.05
2026-04-13,LQN30,2030-07-01,Jul 2030,51,126.05
2026-04-13,LQQ30,2030-08-01,Aug 2030,52,126.15
2026-04-13,LQU30,2030-09-01,Sep 2030,53,126.3
2026-04-13,LQV30,2030-10-01,Oct 2030,54,126.5
2026-04-13,LQX30,2030-11-01,Nov 2030,55,126.85
2026-04-13,LQZ30,2030-12-01,Dec 2030,56,126.9
2026-04-13,LQF31,2031-01-01,Jan 2031,57,126.9
2026-04-13,LQG31,2031-02-01,Feb 2031,58,126.8
2026-04-13,LQH31,2031-03-01,Mar 2031,59,126.5
2026-04-13,LQJ31,2031-04-01,Apr 2031,60,126.3
2026-04-13,LQK31,2031-05-01,May 2031,61,126.3
2026-04-13,LQM31,2031-06-01,Jun 2031,62,126.15
2026-04-13,LQN31,2031-07-01,Jul 2031,63,126.3
2026-04-13,LQQ31,2031-08-01,Aug 2031,64,126.3
2026-04-13,LQU31,2031-09-01,Sep 2031,65,126.4
2026-04-13,LQV31,2031-10-01,Oct 2031,66,126.8
2026-04-13,LQX31,2031-11-01,Nov 2031,67,127.0
2026-04-13,LQZ31,2031-12-01,Dec 2031,68,127.3
2026-04-14,LQJ26,2026-04-01,Apr 2026,0,134.95
2026-04-14,LQK26,2026-05-01,May 2026,1,127.85
2026-04-14,LQM26,2026-06-01,Jun 2026,2,128.65
2026-04-14,LQN26,2026-07-01,Jul 2026,3,129.05
2026-04-14,LQQ26,2026-08-01,Aug 2026,4,129.5
2026-04-14,LQU26,2026-09-01,Sep 2026,5,129.95
2026-04-14,LQV26,2026-10-01,Oct 2026,6,130.45
2026-04-14,LQX26,2026-11-01,Nov 2026,7,130.95
2026-04-14,LQZ26,2026-12-01,Dec 2026,8,131.65
2026-04-14,LQF27,2027-01-01,Jan 2027,9,132.5
2026-04-14,LQG27,2027-02-01,Feb 2027,10,132.35
2026-04-14,LQH27,2027-03-01,Mar 2027,11,131.5
2026-04-14,LQJ27,2027-04-01,Apr 2027,12,128.9
2026-04-14,LQK27,2027-05-01,May 2027,13,127.85
2026-04-14,LQM27,2027-06-01,Jun 2027,14,127.35
2026-04-14,LQN27,2027-07-01,Jul 2027,15,127.3
2026-04-14,LQQ27,2027-08-01,Aug 2027,16,127.4
2026-04-14,LQU27,2027-09-01,Sep 2027,17,127.2
2026-04-14,LQV27,2027-10-01,Oct 2027,18,127.3
2026-04-14,LQX27,2027-11-01,Nov 2027,19,127.2
2026-04-14,LQZ27,2027-12-01,Dec 2027,20,126.9
2026-04-14,LQF28,2028-01-01,Jan 2028,21,126.2
2026-04-14,LQG28,2028-02-01,Feb 2028,22,125.9
2026-04-14,LQH28,2028-03-01,Mar 2028,23,125.3
2026-04-14,LQJ28,2028-04-01,Apr 2028,24,124.9
2026-04-14,LQK28,2028-05-01,May 2028,25,124.5
2026-04-14,LQM28,2028-06-01,Jun 2028,26,124.5
2026-04-14,LQN28,2028-07-01,Jul 2028,27,124.5
2026-04-14,LQQ28,2028-08-01,Aug 2028,28,124.7
2026-04-14,LQU28,2028-09-01,Sep 2028,29,125.1
2026-04-14,LQV28,2028-10-01,Oct 2028,30,125.4
2026-04-14,LQX28,2028-11-01,Nov 2028,31,125.5
2026-04-14,LQZ28,2028-12-01,Dec 2028,32,125.6
2026-04-14,LQF29,2029-01-01,Jan 2029,33,125.55
2026-04-14,LQG29,2029-02-01,Feb 2029,34,125.45
2026-04-14,LQH29,2029-03-01,Mar 2029,35,124.95
2026-04-14,LQJ29,2029-04-01,Apr 2029,36,124.7
2026-04-14,LQK29,2029-05-01,May 2029,37,124.4
2026-04-14,LQM29,2029-06-01,Jun 2029,38,124.2
2026-04-14,LQN29,2029-07-01,Jul 2029,39,124.3
2026-04-14,LQQ29,2029-08-01,Aug 2029,40,124.45
2026-04-14,LQU29,2029-09-01,Sep 2029,41,124.75
2026-04-14,LQV29,2029-10-01,Oct 2029,42,125.2
2026-04-14,LQX29,2029-11-01,Nov 2029,43,125.35
2026-04-14,LQZ29,2029-12-01,Dec 2029,44,125.45
2026-04-14,LQF30,2030-01-01,Jan 2030,45,125.25
2026-04-14,LQG30,2030-02-01,Feb 2030,46,125.2
2026-04-14,LQH30,2030-03-01,Mar 2030,47,124.75
2026-04-14,LQJ30,2030-04-01,Apr 2030,48,124.55
2026-04-14,LQK30,2030-05-01,May 2030,49,124.35
2026-04-14,LQM30,2030-06-01,Jun 2030,50,124.25
2026-04-14,LQN30,2030-07-01,Jul 2030,51,124.25
2026-04-14,LQQ30,2030-08-01,Aug 2030,52,124.35
2026-04-14,LQU30,2030-09-01,Sep 2030,53,124.5
2026-04-14,LQV30,2030-10-01,Oct 2030,54,124.75
2026-04-14,LQX30,2030-11-01,Nov 2030,55,125.05
2026-04-14,LQZ30,2030-12-01,Dec 2030,56,125.2
2026-04-14,LQF31,2031-01-01,Jan 2031,57,125.2
2026-04-14,LQG31,2031-02-01,Feb 2031,58,125.05
2026-04-14,LQH31,2031-03-01,Mar 2031,59,124.8
2026-04-14,LQJ31,2031-04-01,Apr 2031,60,124.55
2026-04-14,LQK31,2031-05-01,May 2031,61,124.55
2026-04-14,LQM31,2031-06-01,Jun 2031,62,124.4
2026-04-14,LQN31,2031-07-01,Jul 2031,63,124.55
2026-04-14,LQQ31,2031-08-01,Aug 2031,64,124.55
2026-04-14,LQU31,2031-09-01,Sep 2031,65,124.7
2026-04-14,LQV31,2031-10-01,Oct 2031,66,125.05
2026-04-14,LQX31,2031-11-01,Nov 2031,67,125.3
2026-04-14,LQZ31,2031-12-01,Dec 2031,68,125.55
2026-04-15,LQJ26,2026-04-01,Apr 2026,0,133.75
2026-04-15,LQK26,2026-05-01,May 2026,1,127.0
2026-04-15,LQM26,2026-06-01,Jun 2026,2,125.45
2026-04-15,LQN26,2026-07-01,Jul 2026,3,125.95
2026-04-15,LQQ26,2026-08-01,Aug 2026,4,127.35
2026-04-15,LQU26,2026-09-01,Sep 2026,5,127.85
2026-04-15,LQV26,2026-10-01,Oct 2026,6,128.4
2026-04-15,LQX26,2026-11-01,Nov 2026,7,128.95
2026-04-15,LQZ26,2026-12-01,Dec 2026,8,129.5
2026-04-15,LQF27,2027-01-01,Jan 2027,9,130.3
2026-04-15,LQG27,2027-02-01,Feb 2027,10,130.2
2026-04-15,LQH27,2027-03-01,Mar 2027,11,129.4
2026-04-15,LQJ27,2027-04-01,Apr 2027,12,127.0
2026-04-15,LQK27,2027-05-01,May 2027,13,126.0
2026-04-15,LQM27,2027-06-01,Jun 2027,14,125.55
2026-04-15,LQN27,2027-07-01,Jul 2027,15,125.65
2026-04-15,LQQ27,2027-08-01,Aug 2027,16,125.75
2026-04-15,LQU27,2027-09-01,Sep 2027,17,125.6
2026-04-15,LQV27,2027-10-01,Oct 2027,18,125.75
2026-04-15,LQX27,2027-11-01,Nov 2027,19,125.65
2026-04-15,LQZ27,2027-12-01,Dec 2027,20,125.3
2026-04-15,LQF28,2028-01-01,Jan 2028,21,124.65
2026-04-15,LQG28,2028-02-01,Feb 2028,22,124.3
2026-04-15,LQH28,2028-03-01,Mar 2028,23,123.7
2026-04-15,LQJ28,2028-04-01,Apr 2028,24,123.35
2026-04-15,LQK28,2028-05-01,May 2028,25,123.0
2026-04-15,LQM28,2028-06-01,Jun 2028,26,123.0
2026-04-15,LQN28,2028-07-01,Jul 2028,27,123.0
2026-04-15,LQQ28,2028-08-01,Aug 2028,28,123.2
2026-04-15,LQU28,2028-09-01,Sep 2028,29,123.55
2026-04-15,LQV28,2028-10-01,Oct 2028,30,123.8
2026-04-15,LQX28,2028-11-01,Nov 2028,31,123.9
2026-04-15,LQZ28,2028-12-01,Dec 2028,32,124.0
2026-04-15,LQF29,2029-01-01,Jan 2029,33,124.1
2026-04-15,LQG29,2029-02-01,Feb 2029,34,124.0
2026-04-15,LQH29,2029-03-01,Mar 2029,35,123.5
2026-04-15,LQJ29,2029-04-01,Apr 2029,36,123.3
2026-04-15,LQK29,2029-05-01,May 2029,37,122.95
2026-04-15,LQM29,2029-06-01,Jun 2029,38,122.8
2026-04-15,LQN29,2029-07-01,Jul 2029,39,122.9
2026-04-15,LQQ29,2029-08-01,Aug 2029,40,123.0
2026-04-15,LQU29,2029-09-01,Sep 2029,41,123.3
2026-04-15,LQV29,2029-10-01,Oct 2029,42,123.8
2026-04-15,LQX29,2029-11-01,Nov 2029,43,123.9
2026-04-15,LQZ29,2029-12-01,Dec 2029,44,124.0
2026-04-15,LQF30,2030-01-01,Jan 2030,45,123.8
2026-04-15,LQG30,2030-02-01,Feb 2030,46,123.75
2026-04-15,LQH30,2030-03-01,Mar 2030,47,123.3
2026-04-15,LQJ30,2030-04-01,Apr 2030,48,123.1
2026-04-15,LQK30,2030-05-01,May 2030,49,122.9
2026-04-15,LQM30,2030-06-01,Jun 2030,50,122.8
2026-04-15,LQN30,2030-07-01,Jul 2030,51,122.8
2026-04-15,LQQ30,2030-08-01,Aug 2030,52,122.9
2026-04-15,LQU30,2030-09-01,Sep 2030,53,123.1
2026-04-15,LQV30,2030-10-01,Oct 2030,54,123.3
2026-04-15,LQX30,2030-11-01,Nov 2030,55,123.6
2026-04-15,LQZ30,2030-12-01,Dec 2030,56,123.8
2026-04-15,LQF31,2031-01-01,Jan 2031,57,123.8
2026-04-15,LQG31,2031-02-01,Feb 2031,58,123.6
2026-04-15,LQH31,2031-03-01,Mar 2031,59,123.4
2026-04-15,LQJ31,2031-04-01,Apr 2031,60,123.1
2026-04-15,LQK31,2031-05-01,May 2031,61,123.1
2026-04-15,LQM31,2031-06-01,Jun 2031,62,122.95
2026-04-15,LQN31,2031-07-01,Jul 2031,63,123.1
2026-04-15,LQQ31,2031-08-01,Aug 2031,64,123.1
2026-04-15,LQU31,2031-09-01,Sep 2031,65,123.3
2026-04-15,LQV31,2031-10-01,Oct 2031,66,123.6
2026-04-15,LQX31,2031-11-01,Nov 2031,67,123.9
2026-04-15,LQZ31,2031-12-01,Dec 2031,68,124.1
2026-04-16,LQJ26,2026-04-01,Apr 2026,0,133.75
2026-04-16,LQK26,2026-05-01,May 2026,1,125.75
2026-04-16,LQM26,2026-06-01,Jun 2026,2,125.5
2026-04-16,LQN26,2026-07-01,Jul 2026,3,126.75
2026-04-16,LQQ26,2026-08-01,Aug 2026,4,127.3
2026-04-16,LQU26,2026-09-01,Sep 2026,5,127.9
2026-04-16,LQV26,2026-10-01,Oct 2026,6,128.55
2026-04-16,LQX26,2026-11-01,Nov 2026,7,129.15
2026-04-16,LQZ26,2026-12-01,Dec 2026,8,129.75
2026-04-16,LQF27,2027-01-01,Jan 2027,9,130.5
2026-04-16,LQG27,2027-02-01,Feb 2027,10,130.45
2026-04-16,LQH27,2027-03-01,Mar 2027,11,129.65
2026-04-16,LQJ27,2027-04-01,Apr 2027,12,129.55
2026-04-16,LQK27,2027-05-01,May 2027,13,128.6
2026-04-16,LQM27,2027-06-01,Jun 2027,14,128.2
2026-04-16,LQN27,2027-07-01,Jul 2027,15,128.05
2026-04-16,LQQ27,2027-08-01,Aug 2027,16,128.2
2026-04-16,LQU27,2027-09-01,Sep 2027,17,128.05
2026-04-16,LQV27,2027-10-01,Oct 2027,18,128.55
2026-04-16,LQX27,2027-11-01,Nov 2027,19,128.65
2026-04-16,LQZ27,2027-12-01,Dec 2027,20,128.45
2026-04-16,LQF28,2028-01-01,Jan 2028,21,127.1
2026-04-16,LQG28,2028-02-01,Feb 2028,22,126.6
2026-04-16,LQH28,2028-03-01,Mar 2028,23,125.8
2026-04-16,LQJ28,2028-04-01,Apr 2028,24,125.5
2026-04-16,LQK28,2028-05-01,May 2028,25,125.1
2026-04-16,LQM28,2028-06-01,Jun 2028,26,125.1
2026-04-16,LQN28,2028-07-01,Jul 2028,27,125.1
2026-04-16,LQQ28,2028-08-01,Aug 2028,28,125.3
2026-04-16,LQU28,2028-09-01,Sep 2028,29,125.7
2026-04-16,LQV28,2028-10-01,Oct 2028,30,125.9
2026-04-16,LQX28,2028-11-01,Nov 2028,31,126.05
2026-04-16,LQZ28,2028-12-01,Dec 2028,32,126.15
2026-04-16,LQF29,2029-01-01,Jan 2029,33,126.3
2026-04-16,LQG29,2029-02-01,Feb 2029,34,126.2
2026-04-16,LQH29,2029-03-01,Mar 2029,35,125.7
2026-04-16,LQJ29,2029-04-01,Apr 2029,36,125.5
2026-04-16,LQK29,2029-05-01,May 2029,37,125.2
2026-04-16,LQM29,2029-06-01,Jun 2029,38,125.0
2026-04-16,LQN29,2029-07-01,Jul 2029,39,125.1
2026-04-16,LQQ29,2029-08-01,Aug 2029,40,125.2
2026-04-16,LQU29,2029-09-01,Sep 2029,41,125.5
2026-04-16,LQV29,2029-10-01,Oct 2029,42,126.0
2026-04-16,LQX29,2029-11-01,Nov 2029,43,126.1
2026-04-16,LQZ29,2029-12-01,Dec 2029,44,126.2
2026-04-16,LQF30,2030-01-01,Jan 2030,45,126.0
2026-04-16,LQG30,2030-02-01,Feb 2030,46,125.9
2026-04-16,LQH30,2030-03-01,Mar 2030,47,125.5
2026-04-16,LQJ30,2030-04-01,Apr 2030,48,125.3
2026-04-16,LQK30,2030-05-01,May 2030,49,125.1
2026-04-16,LQM30,2030-06-01,Jun 2030,50,125.0
2026-04-16,LQN30,2030-07-01,Jul 2030,51,125.0
2026-04-16,LQQ30,2030-08-01,Aug 2030,52,125.1
2026-04-16,LQU30,2030-09-01,Sep 2030,53,125.3
2026-04-16,LQV30,2030-10-01,Oct 2030,54,125.5
2026-04-16,LQX30,2030-11-01,Nov 2030,55,125.8
2026-04-16,LQZ30,2030-12-01,Dec 2030,56,126.0
2026-04-16,LQF31,2031-01-01,Jan 2031,57,126.0
2026-04-16,LQG31,2031-02-01,Feb 2031,58,125.8
2026-04-16,LQH31,2031-03-01,Mar 2031,59,125.6
2026-04-16,LQJ31,2031-04-01,Apr 2031,60,125.3
2026-04-16,LQK31,2031-05-01,May 2031,61,125.3
2026-04-16,LQM31,2031-06-01,Jun 2031,62,125.2
2026-04-16,LQN31,2031-07-01,Jul 2031,63,125.3
2026-04-16,LQQ31,2031-08-01,Aug 2031,64,125.3
2026-04-16,LQU31,2031-09-01,Sep 2031,65,125.5
2026-04-16,LQV31,2031-10-01,Oct 2031,66,125.8
2026-04-16,LQX31,2031-11-01,Nov 2031,67,126.1
2026-04-16,LQZ31,2031-12-01,Dec 2031,68,126.3
2026-04-17,LQJ26,2026-04-01,Apr 2026,0,132.3
2026-04-17,LQK26,2026-05-01,May 2026,1,122.45
2026-04-17,LQM26,2026-06-01,Jun 2026,2,122.9
2026-04-17,LQN26,2026-07-01,Jul 2026,3,123.35
2026-04-17,LQQ26,2026-08-01,Aug 2026,4,123.85
2026-04-17,LQU26,2026-09-01,Sep 2026,5,124.35
2026-04-17,LQV26,2026-10-01,Oct 2026,6,124.9
2026-04-17,LQX26,2026-11-01,Nov 2026,7,125.45
2026-04-17,LQZ26,2026-12-01,Dec 2026,8,126.2
2026-04-17,LQF27,2027-01-01,Jan 2027,9,127.45
2026-04-17,LQG27,2027-02-01,Feb 2027,10,127.55
2026-04-17,LQH27,2027-03-01,Mar 2027,11,126.85
2026-04-17,LQJ27,2027-04-01,Apr 2027,12,126.5
2026-04-17,LQK27,2027-05-01,May 2027,13,125.6
2026-04-17,LQM27,2027-06-01,Jun 2027,14,125.3
2026-04-17,LQN27,2027-07-01,Jul 2027,15,125.05
2026-04-17,LQQ27,2027-08-01,Aug 2027,16,125.2
2026-04-17,LQU27,2027-09-01,Sep 2027,17,125.0
2026-04-17,LQV27,2027-10-01,Oct 2027,18,125.4
2026-04-17,LQX27,2027-11-01,Nov 2027,19,125.45
2026-04-17,LQZ27,2027-12-01,Dec 2027,20,125.05
2026-04-17,LQF28,2028-01-01,Jan 2028,21,125.5
2026-04-17,LQG28,2028-02-01,Feb 2028,22,124.9
2026-04-17,LQH28,2028-03-01,Mar 2028,23,124.15
2026-04-17,LQJ28,2028-04-01,Apr 2028,24,123.95
2026-04-17,LQK28,2028-05-01,May 2028,25,123.55
2026-04-17,LQM28,2028-06-01,Jun 2028,26,123.55
2026-04-17,LQN28,2028-07-01,Jul 2028,27,123.55
2026-04-17,LQQ28,2028-08-01,Aug 2028,28,123.75
2026-04-17,LQU28,2028-09-01,Sep 2028,29,124.15
2026-04-17,LQV28,2028-10-01,Oct 2028,30,124.5
2026-04-17,LQX28,2028-11-01,Nov 2028,31,124.65
2026-04-17,LQZ28,2028-12-01,Dec 2028,32,124.75
2026-04-17,LQF29,2029-01-01,Jan 2029,33,124.95
2026-04-17,LQG29,2029-02-01,Feb 2029,34,124.85
2026-04-17,LQH29,2029-03-01,Mar 2029,35,124.4
2026-04-17,LQJ29,2029-04-01,Apr 2029,36,124.2
2026-04-17,LQK29,2029-05-01,May 2029,37,123.9
2026-04-17,LQM29,2029-06-01,Jun 2029,38,123.7
2026-04-17,LQN29,2029-07-01,Jul 2029,39,123.8
2026-04-17,LQQ29,2029-08-01,Aug 2029,40,123.9
2026-04-17,LQU29,2029-09-01,Sep 2029,41,124.2
2026-04-17,LQV29,2029-10-01,Oct 2029,42,124.65
2026-04-17,LQX29,2029-11-01,Nov 2029,43,124.75
2026-04-17,LQZ29,2029-12-01,Dec 2029,44,124.85
2026-04-17,LQF30,2030-01-01,Jan 2030,45,124.7
2026-04-17,LQG30,2030-02-01,Feb 2030,46,124.55
2026-04-17,LQH30,2030-03-01,Mar 2030,47,124.2
2026-04-17,LQJ30,2030-04-01,Apr 2030,48,124.0
2026-04-17,LQK30,2030-05-01,May 2030,49,123.8
2026-04-17,LQM30,2030-06-01,Jun 2030,50,123.7
2026-04-17,LQN30,2030-07-01,Jul 2030,51,123.7
2026-04-17,LQQ30,2030-08-01,Aug 2030,52,123.8
2026-04-17,LQU30,2030-09-01,Sep 2030,53,124.0
2026-04-17,LQV30,2030-10-01,Oct 2030,54,124.2
2026-04-17,LQX30,2030-11-01,Nov 2030,55,124.5
2026-04-17,LQZ30,2030-12-01,Dec 2030,56,124.7
2026-04-17,LQF31,2031-01-01,Jan 2031,57,124.7
2026-04-17,LQG31,2031-02-01,Feb 2031,58,124.5
2026-04-17,LQH31,2031-03-01,Mar 2031,59,124.3
2026-04-17,LQJ31,2031-04-01,Apr 2031,60,124.0
2026-04-17,LQK31,2031-05-01,May 2031,61,124.0
2026-04-17,LQM31,2031-06-01,Jun 2031,62,123.9
2026-04-17,LQN31,2031-07-01,Jul 2031,63,124.0
2026-04-17,LQQ31,2031-08-01,Aug 2031,64,124.0
2026-04-17,LQU31,2031-09-01,Sep 2031,65,124.2
2026-04-17,LQV31,2031-10-01,Oct 2031,66,124.5
2026-04-17,LQX31,2031-11-01,Nov 2031,67,124.8
2026-04-17,LQZ31,2031-12-01,Dec 2031,68,125.0
