snapshot_date,symbol,contract_date,label,tenor,price
2026-04-13,JCJ26,2026-04-01,Apr 2026,0,694.25
2026-04-13,JCK26,2026-05-01,May 2026,1,685.0
2026-04-13,JCM26,2026-06-01,Jun 2026,2,655.0
2026-04-13,JCN26,2026-07-01,Jul 2026,3,607.5
2026-04-13,JCQ26,2026-08-01,Aug 2026,4,400.0
2026-04-13,JCU26,2026-09-01,Sep 2026,5,595.0
2026-04-14,JCJ26,2026-04-01,Apr 2026,0,701.25
2026-04-14,JCK26,2026-05-01,May 2026,1,690.0
2026-04-14,JCM26,2026-06-01,Jun 2026,2,655.0
2026-04-14,JCN26,2026-07-01,Jul 2026,3,612.5
2026-04-14,JCQ26,2026-08-01,Aug 2026,4,400.0
2026-04-14,JCU26,2026-09-01,Sep 2026,5,595.0
2026-04-15,JCJ26,2026-04-01,Apr 2026,0,719.0
2026-04-15,JCK26,2026-05-01,May 2026,1,732.5
2026-04-15,JCM26,2026-06-01,Jun 2026,2,682.5
2026-04-15,JCN26,2026-07-01,Jul 2026,3,625.0
2026-04-15,JCQ26,2026-08-01,Aug 2026,4,400.0
2026-04-15,JCU26,2026-09-01,Sep 2026,5,600.0
2026-04-16,JCJ26,2026-04-01,Apr 2026,0,720.25
2026-04-16,JCK26,2026-05-01,May 2026,1,737.5
2026-04-16,JCM26,2026-06-01,Jun 2026,2,690.0
2026-04-16,JCN26,2026-07-01,Jul 2026,3,645.0
2026-04-16,JCQ26,2026-08-01,Aug 2026,4,400.0
2026-04-16,JCU26,2026-09-01,Sep 2026,5,610.0
2026-04-17,JCJ26,2026-04-01,Apr 2026,0,713.0
2026-04-17,JCK26,2026-05-01,May 2026,1,705.0
2026-04-17,JCM26,2026-06-01,Jun 2026,2,680.0
2026-04-17,JCN26,2026-07-01,Jul 2026,3,580.0
2026-04-17,JCQ26,2026-08-01,Aug 2026,4,580.0
2026-04-17,JCU26,2026-09-01,Sep 2026,5,580.0
2026-04-18,JCJ26,2026-04-01,Apr 2026,0,702.25
2026-04-18,JCK26,2026-05-01,May 2026,1,657.5
2026-04-18,JCM26,2026-06-01,Jun 2026,2,627.5
2026-04-18,JCN26,2026-07-01,Jul 2026,3,550.0
2026-04-18,JCQ26,2026-08-01,Aug 2026,4,540.0
2026-04-18,JCU26,2026-09-01,Sep 2026,5,540.0
2026-04-19,JCJ26,2026-04-01,Apr 2026,0,702.25
2026-04-19,JCK26,2026-05-01,May 2026,1,657.5
2026-04-19,JCM26,2026-06-01,Jun 2026,2,627.5
2026-04-19,JCN26,2026-07-01,Jul 2026,3,550.0
2026-04-19,JCQ26,2026-08-01,Aug 2026,4,540.0
2026-04-19,JCU26,2026-09-01,Sep 2026,5,540.0
2026-04-20,JCJ26,2026-04-01,Apr 2026,0,702.25
2026-04-20,JCK26,2026-05-01,May 2026,1,657.5
2026-04-20,JCM26,2026-06-01,Jun 2026,2,627.5
2026-04-20,JCN26,2026-07-01,Jul 2026,3,550.0
2026-04-20,JCQ26,2026-08-01,Aug 2026,4,540.0
2026-04-20,JCU26,2026-09-01,Sep 2026,5,540.0
2026-04-21,JCJ26,2026-04-01,Apr 2026,0,692.5
2026-04-21,JCK26,2026-05-01,May 2026,1,655.0
2026-04-21,JCM26,2026-06-01,Jun 2026,2,622.5
2026-04-21,JCN26,2026-07-01,Jul 2026,3,550.0
2026-04-21,JCQ26,2026-08-01,Aug 2026,4,540.0
2026-04-21,JCU26,2026-09-01,Sep 2026,5,540.0
2026-04-22,JCJ26,2026-04-01,Apr 2026,0,691.5
2026-04-22,JCK26,2026-05-01,May 2026,1,632.5
2026-04-22,JCM26,2026-06-01,Jun 2026,2,600.0
2026-04-22,JCN26,2026-07-01,Jul 2026,3,555.0
2026-04-22,JCQ26,2026-08-01,Aug 2026,4,540.0
2026-04-22,JCU26,2026-09-01,Sep 2026,5,530.0
2026-04-23,JCJ26,2026-04-01,Apr 2026,0,694.75
2026-04-23,JCK26,2026-05-01,May 2026,1,660.0
2026-04-23,JCM26,2026-06-01,Jun 2026,2,620.0
2026-04-23,JCN26,2026-07-01,Jul 2026,3,560.0
2026-04-23,JCQ26,2026-08-01,Aug 2026,4,550.0
2026-04-23,JCU26,2026-09-01,Sep 2026,5,530.0
2026-04-24,JCJ26,2026-04-01,Apr 2026,0,694.0
2026-04-24,JCK26,2026-05-01,May 2026,1,657.5
2026-04-24,JCM26,2026-06-01,Jun 2026,2,622.5
2026-04-24,JCN26,2026-07-01,Jul 2026,3,545.0
2026-04-24,JCQ26,2026-08-01,Aug 2026,4,545.0
2026-04-24,JCU26,2026-09-01,Sep 2026,5,540.0
2026-04-25,JCJ26,2026-04-01,Apr 2026,0,692.25
2026-04-25,JCK26,2026-05-01,May 2026,1,650.0
2026-04-25,JCM26,2026-06-01,Jun 2026,2,584.0
2026-04-25,JCN26,2026-07-01,Jul 2026,3,580.0
2026-04-25,JCQ26,2026-08-01,Aug 2026,4,580.0
2026-04-25,JCU26,2026-09-01,Sep 2026,5,557.5
2026-04-26,JCJ26,2026-04-01,Apr 2026,0,692.25
2026-04-26,JCK26,2026-05-01,May 2026,1,650.0
2026-04-26,JCM26,2026-06-01,Jun 2026,2,584.0
2026-04-26,JCN26,2026-07-01,Jul 2026,3,580.0
2026-04-26,JCQ26,2026-08-01,Aug 2026,4,580.0
2026-04-26,JCU26,2026-09-01,Sep 2026,5,557.5
2026-04-27,JCJ26,2026-04-01,Apr 2026,0,692.25
2026-04-27,JCK26,2026-05-01,May 2026,1,650.0
2026-04-27,JCM26,2026-06-01,Jun 2026,2,584.0
2026-04-27,JCN26,2026-07-01,Jul 2026,3,580.0
2026-04-27,JCQ26,2026-08-01,Aug 2026,4,580.0
2026-04-27,JCU26,2026-09-01,Sep 2026,5,557.5
2026-04-28,JCJ26,2026-04-01,Apr 2026,0,690.5
2026-04-28,JCK26,2026-05-01,May 2026,1,640.0
2026-04-28,JCM26,2026-06-01,Jun 2026,2,595.0
2026-04-28,JCN26,2026-07-01,Jul 2026,3,565.0
2026-04-28,JCQ26,2026-08-01,Aug 2026,4,560.0
2026-04-28,JCU26,2026-09-01,Sep 2026,5,562.5
2026-04-29,JCJ26,2026-04-01,Apr 2026,0,687.75
2026-04-29,JCK26,2026-05-01,May 2026,1,625.0
2026-04-29,JCM26,2026-06-01,Jun 2026,2,593.5
2026-04-29,JCN26,2026-07-01,Jul 2026,3,565.0
2026-04-29,JCQ26,2026-08-01,Aug 2026,4,560.0
2026-04-29,JCU26,2026-09-01,Sep 2026,5,562.5
2026-04-30,JCJ26,2026-04-01,Apr 2026,0,682.05
2026-04-30,JCK26,2026-05-01,May 2026,1,631.0
2026-04-30,JCM26,2026-06-01,Jun 2026,2,585.0
2026-04-30,JCN26,2026-07-01,Jul 2026,3,565.0
2026-04-30,JCQ26,2026-08-01,Aug 2026,4,550.0
2026-04-30,JCU26,2026-09-01,Sep 2026,5,545.0
2026-05-01,JCK26,2026-05-01,May 2026,0,631.0
2026-05-01,JCM26,2026-06-01,Jun 2026,1,585.0
2026-05-01,JCN26,2026-07-01,Jul 2026,2,565.0
2026-05-01,JCQ26,2026-08-01,Aug 2026,3,550.0
2026-05-01,JCU26,2026-09-01,Sep 2026,4,545.0
2026-05-02,JCK26,2026-05-01,May 2026,0,631.0
2026-05-02,JCM26,2026-06-01,Jun 2026,1,585.0
2026-05-02,JCN26,2026-07-01,Jul 2026,2,565.0
2026-05-02,JCQ26,2026-08-01,Aug 2026,3,550.0
2026-05-02,JCU26,2026-09-01,Sep 2026,4,545.0
2026-05-03,JCK26,2026-05-01,May 2026,0,631.0
2026-05-03,JCM26,2026-06-01,Jun 2026,1,585.0
2026-05-03,JCN26,2026-07-01,Jul 2026,2,565.0
2026-05-03,JCQ26,2026-08-01,Aug 2026,3,550.0
2026-05-03,JCU26,2026-09-01,Sep 2026,4,545.0
2026-05-04,JCK26,2026-05-01,May 2026,0,631.0
2026-05-04,JCM26,2026-06-01,Jun 2026,1,585.0
2026-05-04,JCN26,2026-07-01,Jul 2026,2,565.0
2026-05-04,JCQ26,2026-08-01,Aug 2026,3,550.0
2026-05-04,JCU26,2026-09-01,Sep 2026,4,545.0
2026-05-05,JCK26,2026-05-01,May 2026,0,628.0
2026-05-05,JCM26,2026-06-01,Jun 2026,1,585.0
2026-05-05,JCN26,2026-07-01,Jul 2026,2,560.0
2026-05-05,JCQ26,2026-08-01,Aug 2026,3,550.0
2026-05-05,JCU26,2026-09-01,Sep 2026,4,545.0
2026-05-06,JCK26,2026-05-01,May 2026,0,623.0
2026-05-06,JCM26,2026-06-01,Jun 2026,1,577.5
2026-05-06,JCN26,2026-07-01,Jul 2026,2,555.0
2026-05-06,JCQ26,2026-08-01,Aug 2026,3,550.0
2026-05-06,JCU26,2026-09-01,Sep 2026,4,550.0
2026-05-07,JCK26,2026-05-01,May 2026,0,616.25
2026-05-07,JCM26,2026-06-01,Jun 2026,1,580.0
2026-05-07,JCN26,2026-07-01,Jul 2026,2,530.0
2026-05-07,JCQ26,2026-08-01,Aug 2026,3,525.0
2026-05-07,JCU26,2026-09-01,Sep 2026,4,525.0
2026-05-07,JCV26,2026-10-01,Oct 2026,5,510.0
2026-05-07,JCX26,2026-11-01,Nov 2026,6,510.0
2026-05-07,JCZ26,2026-12-01,Dec 2026,7,510.0
2026-05-08,JCK26,2026-05-01,May 2026,0,607.0
2026-05-08,JCM26,2026-06-01,Jun 2026,1,547.5
2026-05-08,JCN26,2026-07-01,Jul 2026,2,525.0
2026-05-08,JCQ26,2026-08-01,Aug 2026,3,525.5
2026-05-08,JCU26,2026-09-01,Sep 2026,4,525.0
2026-05-08,JCV26,2026-10-01,Oct 2026,5,515.0
2026-05-08,JCX26,2026-11-01,Nov 2026,6,510.0
2026-05-08,JCZ26,2026-12-01,Dec 2026,7,510.0
2026-05-09,JCK26,2026-05-01,May 2026,0,603.5
2026-05-09,JCM26,2026-06-01,Jun 2026,1,547.5
2026-05-09,JCN26,2026-07-01,Jul 2026,2,525.0
2026-05-09,JCQ26,2026-08-01,Aug 2026,3,525.5
2026-05-09,JCU26,2026-09-01,Sep 2026,4,517.5
2026-05-09,JCV26,2026-10-01,Oct 2026,5,515.0
2026-05-09,JCX26,2026-11-01,Nov 2026,6,510.0
2026-05-09,JCZ26,2026-12-01,Dec 2026,7,510.0
2026-05-10,JCK26,2026-05-01,May 2026,0,603.5
2026-05-10,JCM26,2026-06-01,Jun 2026,1,547.5
2026-05-10,JCN26,2026-07-01,Jul 2026,2,525.0
2026-05-10,JCQ26,2026-08-01,Aug 2026,3,525.5
2026-05-10,JCU26,2026-09-01,Sep 2026,4,517.5
2026-05-10,JCV26,2026-10-01,Oct 2026,5,515.0
2026-05-10,JCX26,2026-11-01,Nov 2026,6,510.0
2026-05-10,JCZ26,2026-12-01,Dec 2026,7,510.0
2026-05-11,JCK26,2026-05-01,May 2026,0,603.5
2026-05-11,JCM26,2026-06-01,Jun 2026,1,547.5
2026-05-11,JCN26,2026-07-01,Jul 2026,2,525.0
2026-05-11,JCQ26,2026-08-01,Aug 2026,3,525.5
2026-05-11,JCU26,2026-09-01,Sep 2026,4,517.5
2026-05-11,JCV26,2026-10-01,Oct 2026,5,515.0
2026-05-11,JCX26,2026-11-01,Nov 2026,6,510.0
2026-05-11,JCZ26,2026-12-01,Dec 2026,7,510.0
2026-05-12,JCK26,2026-05-01,May 2026,0,601.75
2026-05-12,JCM26,2026-06-01,Jun 2026,1,547.5
2026-05-12,JCN26,2026-07-01,Jul 2026,2,525.0
2026-05-12,JCQ26,2026-08-01,Aug 2026,3,525.5
2026-05-12,JCU26,2026-09-01,Sep 2026,4,525.0
2026-05-12,JCV26,2026-10-01,Oct 2026,5,515.0
2026-05-12,JCX26,2026-11-01,Nov 2026,6,510.0
2026-05-12,JCZ26,2026-12-01,Dec 2026,7,510.0
2026-05-13,JCK26,2026-05-01,May 2026,0,591.75
2026-05-13,JCM26,2026-06-01,Jun 2026,1,562.5
2026-05-13,JCN26,2026-07-01,Jul 2026,2,525.0
2026-05-13,JCQ26,2026-08-01,Aug 2026,3,522.5
2026-05-13,JCU26,2026-09-01,Sep 2026,4,520.0
2026-05-13,JCV26,2026-10-01,Oct 2026,5,520.0
2026-05-13,JCX26,2026-11-01,Nov 2026,6,520.0
2026-05-13,JCZ26,2026-12-01,Dec 2026,7,520.0
2026-05-14,JCK26,2026-05-01,May 2026,0,591.75
2026-05-14,JCM26,2026-06-01,Jun 2026,1,562.5
2026-05-14,JCN26,2026-07-01,Jul 2026,2,525.0
2026-05-14,JCQ26,2026-08-01,Aug 2026,3,522.5
2026-05-14,JCU26,2026-09-01,Sep 2026,4,520.0
2026-05-14,JCV26,2026-10-01,Oct 2026,5,520.0
2026-05-14,JCX26,2026-11-01,Nov 2026,6,520.0
2026-05-14,JCZ26,2026-12-01,Dec 2026,7,520.0
2026-05-15,JCK26,2026-05-01,May 2026,0,586.75
2026-05-15,JCM26,2026-06-01,Jun 2026,1,572.5
2026-05-15,JCN26,2026-07-01,Jul 2026,2,550.0
2026-05-15,JCQ26,2026-08-01,Aug 2026,3,540.0
2026-05-15,JCU26,2026-09-01,Sep 2026,4,540.0
2026-05-15,JCV26,2026-10-01,Oct 2026,5,530.0
2026-05-15,JCX26,2026-11-01,Nov 2026,6,527.5
2026-05-15,JCZ26,2026-12-01,Dec 2026,7,525.0
2026-05-16,JCK26,2026-05-01,May 2026,0,586.25
2026-05-16,JCM26,2026-06-01,Jun 2026,1,577.0
2026-05-16,JCN26,2026-07-01,Jul 2026,2,547.5
2026-05-16,JCQ26,2026-08-01,Aug 2026,3,545.0
2026-05-16,JCU26,2026-09-01,Sep 2026,4,545.0
2026-05-16,JCV26,2026-10-01,Oct 2026,5,530.0
2026-05-16,JCX26,2026-11-01,Nov 2026,6,527.5
2026-05-16,JCZ26,2026-12-01,Dec 2026,7,525.0
2026-05-17,JCK26,2026-05-01,May 2026,0,586.25
2026-05-17,JCM26,2026-06-01,Jun 2026,1,577.0
2026-05-17,JCN26,2026-07-01,Jul 2026,2,547.5
2026-05-17,JCQ26,2026-08-01,Aug 2026,3,545.0
2026-05-17,JCU26,2026-09-01,Sep 2026,4,545.0
2026-05-17,JCV26,2026-10-01,Oct 2026,5,530.0
2026-05-17,JCX26,2026-11-01,Nov 2026,6,527.5
2026-05-17,JCZ26,2026-12-01,Dec 2026,7,525.0
2026-05-18,JCK26,2026-05-01,May 2026,0,586.25
2026-05-18,JCM26,2026-06-01,Jun 2026,1,577.0
2026-05-18,JCN26,2026-07-01,Jul 2026,2,547.5
2026-05-18,JCQ26,2026-08-01,Aug 2026,3,545.0
2026-05-18,JCU26,2026-09-01,Sep 2026,4,545.0
2026-05-18,JCV26,2026-10-01,Oct 2026,5,530.0
2026-05-18,JCX26,2026-11-01,Nov 2026,6,527.5
2026-05-18,JCZ26,2026-12-01,Dec 2026,7,525.0
2026-05-19,JCK26,2026-05-01,May 2026,0,585.75
2026-05-19,JCM26,2026-06-01,Jun 2026,1,575.0
2026-05-19,JCN26,2026-07-01,Jul 2026,2,547.5
2026-05-19,JCQ26,2026-08-01,Aug 2026,3,545.0
2026-05-19,JCU26,2026-09-01,Sep 2026,4,545.0
2026-05-19,JCV26,2026-10-01,Oct 2026,5,530.0
2026-05-19,JCX26,2026-11-01,Nov 2026,6,527.5
2026-05-19,JCZ26,2026-12-01,Dec 2026,7,525.0
2026-05-20,JCK26,2026-05-01,May 2026,0,584.75
2026-05-20,JCM26,2026-06-01,Jun 2026,1,567.5
2026-05-20,JCN26,2026-07-01,Jul 2026,2,547.5
2026-05-20,JCQ26,2026-08-01,Aug 2026,3,537.5
2026-05-20,JCU26,2026-09-01,Sep 2026,4,535.0
2026-05-20,JCV26,2026-10-01,Oct 2026,5,525.0
2026-05-20,JCX26,2026-11-01,Nov 2026,6,520.0
2026-05-20,JCZ26,2026-12-01,Dec 2026,7,520.0
2026-05-21,JCK26,2026-05-01,May 2026,0,583.5
2026-05-21,JCM26,2026-06-01,Jun 2026,1,560.0
2026-05-21,JCN26,2026-07-01,Jul 2026,2,532.5
2026-05-21,JCQ26,2026-08-01,Aug 2026,3,527.5
2026-05-21,JCU26,2026-09-01,Sep 2026,4,522.5
2026-05-21,JCV26,2026-10-01,Oct 2026,5,520.0
2026-05-21,JCX26,2026-11-01,Nov 2026,6,515.0
2026-05-21,JCZ26,2026-12-01,Dec 2026,7,510.0
2026-05-22,JCK26,2026-05-01,May 2026,0,580.5
2026-05-22,JCM26,2026-06-01,Jun 2026,1,542.5
2026-05-22,JCN26,2026-07-01,Jul 2026,2,512.5
2026-05-22,JCQ26,2026-08-01,Aug 2026,3,512.5
2026-05-22,JCU26,2026-09-01,Sep 2026,4,510.0
2026-05-22,JCV26,2026-10-01,Oct 2026,5,505.0
2026-05-22,JCX26,2026-11-01,Nov 2026,6,505.0
2026-05-22,JCZ26,2026-12-01,Dec 2026,7,505.0
2026-05-23,JCK26,2026-05-01,May 2026,0,578.5
2026-05-23,JCM26,2026-06-01,Jun 2026,1,507.5
2026-05-23,JCN26,2026-07-01,Jul 2026,2,502.5
2026-05-23,JCQ26,2026-08-01,Aug 2026,3,500.0
2026-05-23,JCU26,2026-09-01,Sep 2026,4,495.0
2026-05-23,JCV26,2026-10-01,Oct 2026,5,495.0
2026-05-23,JCX26,2026-11-01,Nov 2026,6,490.0
2026-05-23,JCZ26,2026-12-01,Dec 2026,7,490.0
2026-05-24,JCK26,2026-05-01,May 2026,0,578.5
2026-05-24,JCM26,2026-06-01,Jun 2026,1,507.5
2026-05-24,JCN26,2026-07-01,Jul 2026,2,502.5
2026-05-24,JCQ26,2026-08-01,Aug 2026,3,500.0
2026-05-24,JCU26,2026-09-01,Sep 2026,4,495.0
2026-05-24,JCV26,2026-10-01,Oct 2026,5,495.0
2026-05-24,JCX26,2026-11-01,Nov 2026,6,490.0
2026-05-24,JCZ26,2026-12-01,Dec 2026,7,490.0
2026-05-25,JCK26,2026-05-01,May 2026,0,578.5
2026-05-25,JCM26,2026-06-01,Jun 2026,1,507.5
2026-05-25,JCN26,2026-07-01,Jul 2026,2,502.5
2026-05-25,JCQ26,2026-08-01,Aug 2026,3,500.0
2026-05-25,JCU26,2026-09-01,Sep 2026,4,495.0
2026-05-25,JCV26,2026-10-01,Oct 2026,5,495.0
2026-05-25,JCX26,2026-11-01,Nov 2026,6,490.0
2026-05-25,JCZ26,2026-12-01,Dec 2026,7,490.0
2026-05-26,JCK26,2026-05-01,May 2026,0,578.5
2026-05-26,JCM26,2026-06-01,Jun 2026,1,507.5
2026-05-26,JCN26,2026-07-01,Jul 2026,2,502.5
2026-05-26,JCQ26,2026-08-01,Aug 2026,3,500.0
2026-05-26,JCU26,2026-09-01,Sep 2026,4,495.0
2026-05-26,JCV26,2026-10-01,Oct 2026,5,495.0
2026-05-26,JCX26,2026-11-01,Nov 2026,6,490.0
2026-05-26,JCZ26,2026-12-01,Dec 2026,7,490.0
2026-05-27,JCK26,2026-05-01,May 2026,0,574.75
2026-05-27,JCM26,2026-06-01,Jun 2026,1,500.0
2026-05-27,JCN26,2026-07-01,Jul 2026,2,497.5
2026-05-27,JCQ26,2026-08-01,Aug 2026,3,494.5
2026-05-27,JCU26,2026-09-01,Sep 2026,4,492.5
2026-05-27,JCV26,2026-10-01,Oct 2026,5,495.0
2026-05-27,JCX26,2026-11-01,Nov 2026,6,490.0
2026-05-27,JCZ26,2026-12-01,Dec 2026,7,490.0
2026-05-28,JCK26,2026-05-01,May 2026,0,568.5
2026-05-28,JCM26,2026-06-01,Jun 2026,1,470.0
2026-05-28,JCN26,2026-07-01,Jul 2026,2,460.0
2026-05-28,JCQ26,2026-08-01,Aug 2026,3,460.0
2026-05-28,JCU26,2026-09-01,Sep 2026,4,460.0
2026-05-28,JCV26,2026-10-01,Oct 2026,5,455.0
2026-05-28,JCX26,2026-11-01,Nov 2026,6,455.0
2026-05-28,JCZ26,2026-12-01,Dec 2026,7,467.5
2026-05-29,JCK26,2026-05-01,May 2026,0,564.0
2026-05-29,JCM26,2026-06-01,Jun 2026,1,451.0
2026-05-29,JCN26,2026-07-01,Jul 2026,2,443.0
2026-05-29,JCQ26,2026-08-01,Aug 2026,3,441.5
2026-05-29,JCU26,2026-09-01,Sep 2026,4,441.5
2026-05-29,JCV26,2026-10-01,Oct 2026,5,440.0
2026-05-29,JCX26,2026-11-01,Nov 2026,6,440.0
2026-05-29,JCZ26,2026-12-01,Dec 2026,7,440.0
2026-05-29,JCF27,2027-01-01,Jan 2027,8,460.0
2026-05-29,JCG27,2027-02-01,Feb 2027,9,460.0
2026-05-29,JCH27,2027-03-01,Mar 2027,10,460.0
2026-05-30,JCM26,2026-06-01,Jun 2026,0,452.5
2026-05-30,JCN26,2026-07-01,Jul 2026,1,447.5
2026-05-30,JCQ26,2026-08-01,Aug 2026,2,447.5
2026-05-30,JCU26,2026-09-01,Sep 2026,3,446.0
2026-05-30,JCV26,2026-10-01,Oct 2026,4,442.5
2026-05-30,JCX26,2026-11-01,Nov 2026,5,440.0
2026-05-30,JCZ26,2026-12-01,Dec 2026,6,440.0
2026-05-30,JCF27,2027-01-01,Jan 2027,7,460.0
2026-05-30,JCG27,2027-02-01,Feb 2027,8,460.0
2026-05-30,JCH27,2027-03-01,Mar 2027,9,460.0
2026-05-31,JCM26,2026-06-01,Jun 2026,0,452.5
2026-05-31,JCN26,2026-07-01,Jul 2026,1,447.5
2026-05-31,JCQ26,2026-08-01,Aug 2026,2,447.5
2026-05-31,JCU26,2026-09-01,Sep 2026,3,446.0
2026-05-31,JCV26,2026-10-01,Oct 2026,4,442.5
2026-05-31,JCX26,2026-11-01,Nov 2026,5,440.0
2026-05-31,JCZ26,2026-12-01,Dec 2026,6,440.0
2026-05-31,JCF27,2027-01-01,Jan 2027,7,460.0
2026-05-31,JCG27,2027-02-01,Feb 2027,8,460.0
2026-05-31,JCH27,2027-03-01,Mar 2027,9,460.0
2026-06-01,JCM26,2026-06-01,Jun 2026,0,452.5
2026-06-01,JCN26,2026-07-01,Jul 2026,1,447.5
2026-06-01,JCQ26,2026-08-01,Aug 2026,2,447.5
2026-06-01,JCU26,2026-09-01,Sep 2026,3,446.0
2026-06-01,JCV26,2026-10-01,Oct 2026,4,442.5
2026-06-01,JCX26,2026-11-01,Nov 2026,5,440.0
2026-06-01,JCZ26,2026-12-01,Dec 2026,6,440.0
2026-06-01,JCF27,2027-01-01,Jan 2027,7,460.0
2026-06-01,JCG27,2027-02-01,Feb 2027,8,460.0
2026-06-01,JCH27,2027-03-01,Mar 2027,9,460.0
2026-06-02,JCM26,2026-06-01,Jun 2026,0,463.75
2026-06-02,JCN26,2026-07-01,Jul 2026,1,464.0
2026-06-02,JCQ26,2026-08-01,Aug 2026,2,465.0
2026-06-02,JCU26,2026-09-01,Sep 2026,3,465.0
2026-06-02,JCV26,2026-10-01,Oct 2026,4,462.5
2026-06-02,JCX26,2026-11-01,Nov 2026,5,462.5
2026-06-02,JCZ26,2026-12-01,Dec 2026,6,462.5
2026-06-02,JCF27,2027-01-01,Jan 2027,7,460.0
2026-06-02,JCG27,2027-02-01,Feb 2027,8,460.0
2026-06-02,JCH27,2027-03-01,Mar 2027,9,460.0
2026-06-03,JCM26,2026-06-01,Jun 2026,0,453.25
2026-06-03,JCN26,2026-07-01,Jul 2026,1,440.0
2026-06-03,JCQ26,2026-08-01,Aug 2026,2,440.0
2026-06-03,JCU26,2026-09-01,Sep 2026,3,440.0
2026-06-03,JCV26,2026-10-01,Oct 2026,4,435.0
2026-06-03,JCX26,2026-11-01,Nov 2026,5,435.0
2026-06-03,JCZ26,2026-12-01,Dec 2026,6,435.0
2026-06-03,JCF27,2027-01-01,Jan 2027,7,440.0
2026-06-03,JCG27,2027-02-01,Feb 2027,8,445.0
2026-06-03,JCH27,2027-03-01,Mar 2027,9,450.0
2026-06-04,JCM26,2026-06-01,Jun 2026,0,453.0
2026-06-04,JCN26,2026-07-01,Jul 2026,1,442.5
2026-06-04,JCQ26,2026-08-01,Aug 2026,2,445.0
2026-06-04,JCU26,2026-09-01,Sep 2026,3,445.0
2026-06-04,JCV26,2026-10-01,Oct 2026,4,450.0
2026-06-04,JCX26,2026-11-01,Nov 2026,5,450.0
2026-06-04,JCZ26,2026-12-01,Dec 2026,6,450.0
2026-06-04,JCF27,2027-01-01,Jan 2027,7,452.5
2026-06-04,JCG27,2027-02-01,Feb 2027,8,452.5
2026-06-04,JCH27,2027-03-01,Mar 2027,9,455.0
2026-06-05,JCM26,2026-06-01,Jun 2026,0,448.0
2026-06-05,JCN26,2026-07-01,Jul 2026,1,416.5
2026-06-05,JCQ26,2026-08-01,Aug 2026,2,418.5
2026-06-05,JCU26,2026-09-01,Sep 2026,3,417.5
2026-06-05,JCV26,2026-10-01,Oct 2026,4,412.5
2026-06-05,JCX26,2026-11-01,Nov 2026,5,410.0
2026-06-05,JCZ26,2026-12-01,Dec 2026,6,410.0
2026-06-05,JCF27,2027-01-01,Jan 2027,7,417.5
2026-06-05,JCG27,2027-02-01,Feb 2027,8,420.0
2026-06-05,JCH27,2027-03-01,Mar 2027,9,425.0
2026-06-06,JCM26,2026-06-01,Jun 2026,0,438.75
2026-06-06,JCN26,2026-07-01,Jul 2026,1,419.0
2026-06-06,JCQ26,2026-08-01,Aug 2026,2,421.5
2026-06-06,JCU26,2026-09-01,Sep 2026,3,422.5
2026-06-06,JCV26,2026-10-01,Oct 2026,4,420.0
2026-06-06,JCX26,2026-11-01,Nov 2026,5,420.0
2026-06-06,JCZ26,2026-12-01,Dec 2026,6,417.5
2026-06-06,JCF27,2027-01-01,Jan 2027,7,420.0
2026-06-06,JCG27,2027-02-01,Feb 2027,8,425.0
2026-06-06,JCH27,2027-03-01,Mar 2027,9,430.0
2026-06-07,JCM26,2026-06-01,Jun 2026,0,438.75
2026-06-07,JCN26,2026-07-01,Jul 2026,1,419.0
2026-06-07,JCQ26,2026-08-01,Aug 2026,2,421.5
2026-06-07,JCU26,2026-09-01,Sep 2026,3,422.5
2026-06-07,JCV26,2026-10-01,Oct 2026,4,420.0
2026-06-07,JCX26,2026-11-01,Nov 2026,5,420.0
2026-06-07,JCZ26,2026-12-01,Dec 2026,6,417.5
2026-06-07,JCF27,2027-01-01,Jan 2027,7,420.0
2026-06-07,JCG27,2027-02-01,Feb 2027,8,425.0
2026-06-07,JCH27,2027-03-01,Mar 2027,9,430.0
2026-06-08,JCM26,2026-06-01,Jun 2026,0,438.75
2026-06-08,JCN26,2026-07-01,Jul 2026,1,419.0
2026-06-08,JCQ26,2026-08-01,Aug 2026,2,421.5
2026-06-08,JCU26,2026-09-01,Sep 2026,3,422.5
2026-06-08,JCV26,2026-10-01,Oct 2026,4,420.0
2026-06-08,JCX26,2026-11-01,Nov 2026,5,420.0
2026-06-08,JCZ26,2026-12-01,Dec 2026,6,417.5
2026-06-08,JCF27,2027-01-01,Jan 2027,7,420.0
2026-06-08,JCG27,2027-02-01,Feb 2027,8,425.0
2026-06-08,JCH27,2027-03-01,Mar 2027,9,430.0
2026-06-09,JCM26,2026-06-01,Jun 2026,0,425.5
2026-06-09,JCN26,2026-07-01,Jul 2026,1,390.0
2026-06-09,JCQ26,2026-08-01,Aug 2026,2,380.0
2026-06-09,JCU26,2026-09-01,Sep 2026,3,377.5
2026-06-09,JCV26,2026-10-01,Oct 2026,4,382.5
2026-06-09,JCX26,2026-11-01,Nov 2026,5,380.0
2026-06-09,JCZ26,2026-12-01,Dec 2026,6,382.5
2026-06-09,JCF27,2027-01-01,Jan 2027,7,390.0
2026-06-09,JCG27,2027-02-01,Feb 2027,8,395.0
2026-06-09,JCH27,2027-03-01,Mar 2027,9,400.0
2026-06-10,JCM26,2026-06-01,Jun 2026,0,424.0
2026-06-10,JCN26,2026-07-01,Jul 2026,1,402.5
2026-06-10,JCQ26,2026-08-01,Aug 2026,2,404.0
2026-06-10,JCU26,2026-09-01,Sep 2026,3,402.0
2026-06-10,JCV26,2026-10-01,Oct 2026,4,404.0
2026-06-10,JCX26,2026-11-01,Nov 2026,5,404.0
2026-06-10,JCZ26,2026-12-01,Dec 2026,6,404.0
2026-06-10,JCF27,2027-01-01,Jan 2027,7,410.5
2026-06-10,JCG27,2027-02-01,Feb 2027,8,415.0
2026-06-10,JCH27,2027-03-01,Mar 2027,9,417.5
2026-06-11,JCM26,2026-06-01,Jun 2026,0,421.5
2026-06-11,JCN26,2026-07-01,Jul 2026,1,395.0
2026-06-11,JCQ26,2026-08-01,Aug 2026,2,397.5
2026-06-11,JCU26,2026-09-01,Sep 2026,3,397.5
2026-06-11,JCV26,2026-10-01,Oct 2026,4,397.5
2026-06-11,JCX26,2026-11-01,Nov 2026,5,400.0
2026-06-11,JCZ26,2026-12-01,Dec 2026,6,400.0
2026-06-11,JCF27,2027-01-01,Jan 2027,7,405.0
2026-06-11,JCG27,2027-02-01,Feb 2027,8,410.0
2026-06-11,JCH27,2027-03-01,Mar 2027,9,417.5
2026-06-12,JCM26,2026-06-01,Jun 2026,0,419.0
2026-06-12,JCN26,2026-07-01,Jul 2026,1,401.5
2026-06-12,JCQ26,2026-08-01,Aug 2026,2,401.5
2026-06-12,JCU26,2026-09-01,Sep 2026,3,402.5
2026-06-12,JCV26,2026-10-01,Oct 2026,4,410.0
2026-06-12,JCX26,2026-11-01,Nov 2026,5,410.0
2026-06-12,JCZ26,2026-12-01,Dec 2026,6,410.0
2026-06-12,JCF27,2027-01-01,Jan 2027,7,412.5
2026-06-12,JCG27,2027-02-01,Feb 2027,8,425.0
2026-06-12,JCH27,2027-03-01,Mar 2027,9,427.5
2026-06-13,JCM26,2026-06-01,Jun 2026,0,416.5
2026-06-13,JCN26,2026-07-01,Jul 2026,1,400.0
2026-06-13,JCQ26,2026-08-01,Aug 2026,2,400.0
2026-06-13,JCU26,2026-09-01,Sep 2026,3,401.0
2026-06-13,JCV26,2026-10-01,Oct 2026,4,405.0
2026-06-13,JCX26,2026-11-01,Nov 2026,5,407.5
2026-06-13,JCZ26,2026-12-01,Dec 2026,6,410.0
2026-06-13,JCF27,2027-01-01,Jan 2027,7,415.0
2026-06-13,JCG27,2027-02-01,Feb 2027,8,422.5
2026-06-13,JCH27,2027-03-01,Mar 2027,9,425.0
2026-06-14,JCM26,2026-06-01,Jun 2026,0,416.5
2026-06-14,JCN26,2026-07-01,Jul 2026,1,400.0
2026-06-14,JCQ26,2026-08-01,Aug 2026,2,400.0
2026-06-14,JCU26,2026-09-01,Sep 2026,3,401.0
2026-06-14,JCV26,2026-10-01,Oct 2026,4,405.0
2026-06-14,JCX26,2026-11-01,Nov 2026,5,407.5
2026-06-14,JCZ26,2026-12-01,Dec 2026,6,410.0
2026-06-14,JCF27,2027-01-01,Jan 2027,7,415.0
2026-06-14,JCG27,2027-02-01,Feb 2027,8,422.5
2026-06-14,JCH27,2027-03-01,Mar 2027,9,425.0
2026-06-15,JCM26,2026-06-01,Jun 2026,0,416.5
2026-06-15,JCN26,2026-07-01,Jul 2026,1,400.0
2026-06-15,JCQ26,2026-08-01,Aug 2026,2,400.0
2026-06-15,JCU26,2026-09-01,Sep 2026,3,401.0
2026-06-15,JCV26,2026-10-01,Oct 2026,4,405.0
2026-06-15,JCX26,2026-11-01,Nov 2026,5,407.5
2026-06-15,JCZ26,2026-12-01,Dec 2026,6,410.0
2026-06-15,JCF27,2027-01-01,Jan 2027,7,415.0
2026-06-15,JCG27,2027-02-01,Feb 2027,8,422.5
2026-06-15,JCH27,2027-03-01,Mar 2027,9,425.0
2026-06-16,JCM26,2026-06-01,Jun 2026,0,414.0
2026-06-16,JCN26,2026-07-01,Jul 2026,1,370.0
2026-06-16,JCQ26,2026-08-01,Aug 2026,2,372.5
2026-06-16,JCU26,2026-09-01,Sep 2026,3,372.5
2026-06-16,JCV26,2026-10-01,Oct 2026,4,382.5
2026-06-16,JCX26,2026-11-01,Nov 2026,5,382.5
2026-06-16,JCZ26,2026-12-01,Dec 2026,6,382.5
2026-06-16,JCF27,2027-01-01,Jan 2027,7,392.5
2026-06-16,JCG27,2027-02-01,Feb 2027,8,397.5
2026-06-16,JCH27,2027-03-01,Mar 2027,9,400.0
2026-06-17,JCM26,2026-06-01,Jun 2026,0,409.5
2026-06-17,JCN26,2026-07-01,Jul 2026,1,360.0
2026-06-17,JCQ26,2026-08-01,Aug 2026,2,362.0
2026-06-17,JCU26,2026-09-01,Sep 2026,3,370.0
2026-06-17,JCV26,2026-10-01,Oct 2026,4,372.5
2026-06-17,JCX26,2026-11-01,Nov 2026,5,377.5
2026-06-17,JCZ26,2026-12-01,Dec 2026,6,375.0
2026-06-17,JCF27,2027-01-01,Jan 2027,7,397.5
2026-06-17,JCG27,2027-02-01,Feb 2027,8,397.5
2026-06-17,JCH27,2027-03-01,Mar 2027,9,400.0
2026-06-18,JCM26,2026-06-01,Jun 2026,0,406.0
2026-06-18,JCN26,2026-07-01,Jul 2026,1,358.5
2026-06-18,JCQ26,2026-08-01,Aug 2026,2,360.0
2026-06-18,JCU26,2026-09-01,Sep 2026,3,370.0
2026-06-18,JCV26,2026-10-01,Oct 2026,4,375.0
2026-06-18,JCX26,2026-11-01,Nov 2026,5,377.5
2026-06-18,JCZ26,2026-12-01,Dec 2026,6,380.0
2026-06-18,JCF27,2027-01-01,Jan 2027,7,397.5
2026-06-18,JCG27,2027-02-01,Feb 2027,8,397.5
2026-06-18,JCH27,2027-03-01,Mar 2027,9,400.0
2026-06-19,JCM26,2026-06-01,Jun 2026,0,401.0
2026-06-19,JCN26,2026-07-01,Jul 2026,1,356.0
2026-06-19,JCQ26,2026-08-01,Aug 2026,2,359.0
2026-06-19,JCU26,2026-09-01,Sep 2026,3,367.5
2026-06-19,JCV26,2026-10-01,Oct 2026,4,367.5
2026-06-19,JCX26,2026-11-01,Nov 2026,5,370.0
2026-06-19,JCZ26,2026-12-01,Dec 2026,6,375.0
2026-06-19,JCF27,2027-01-01,Jan 2027,7,397.5
2026-06-19,JCG27,2027-02-01,Feb 2027,8,397.5
2026-06-19,JCH27,2027-03-01,Mar 2027,9,400.0
2026-06-20,JCM26,2026-06-01,Jun 2026,0,401.0
2026-06-20,JCN26,2026-07-01,Jul 2026,1,356.0
2026-06-20,JCQ26,2026-08-01,Aug 2026,2,359.0
2026-06-20,JCU26,2026-09-01,Sep 2026,3,367.5
2026-06-20,JCV26,2026-10-01,Oct 2026,4,367.5
2026-06-20,JCX26,2026-11-01,Nov 2026,5,370.0
2026-06-20,JCZ26,2026-12-01,Dec 2026,6,375.0
2026-06-20,JCF27,2027-01-01,Jan 2027,7,397.5
2026-06-20,JCG27,2027-02-01,Feb 2027,8,397.5
2026-06-20,JCH27,2027-03-01,Mar 2027,9,400.0
2026-06-21,JCM26,2026-06-01,Jun 2026,0,401.0
2026-06-21,JCN26,2026-07-01,Jul 2026,1,356.0
2026-06-21,JCQ26,2026-08-01,Aug 2026,2,359.0
2026-06-21,JCU26,2026-09-01,Sep 2026,3,367.5
2026-06-21,JCV26,2026-10-01,Oct 2026,4,367.5
2026-06-21,JCX26,2026-11-01,Nov 2026,5,370.0
2026-06-21,JCZ26,2026-12-01,Dec 2026,6,375.0
2026-06-21,JCF27,2027-01-01,Jan 2027,7,397.5
2026-06-21,JCG27,2027-02-01,Feb 2027,8,397.5
2026-06-21,JCH27,2027-03-01,Mar 2027,9,400.0
2026-06-22,JCM26,2026-06-01,Jun 2026,0,401.0
2026-06-22,JCN26,2026-07-01,Jul 2026,1,356.0
2026-06-22,JCQ26,2026-08-01,Aug 2026,2,359.0
2026-06-22,JCU26,2026-09-01,Sep 2026,3,367.5
2026-06-22,JCV26,2026-10-01,Oct 2026,4,367.5
2026-06-22,JCX26,2026-11-01,Nov 2026,5,370.0
2026-06-22,JCZ26,2026-12-01,Dec 2026,6,375.0
2026-06-22,JCF27,2027-01-01,Jan 2027,7,397.5
2026-06-22,JCG27,2027-02-01,Feb 2027,8,397.5
2026-06-22,JCH27,2027-03-01,Mar 2027,9,400.0
2026-06-23,JCM26,2026-06-01,Jun 2026,0,398.75
2026-06-23,JCN26,2026-07-01,Jul 2026,1,352.5
2026-06-23,JCQ26,2026-08-01,Aug 2026,2,356.5
2026-06-23,JCU26,2026-09-01,Sep 2026,3,364.0
2026-06-23,JCV26,2026-10-01,Oct 2026,4,365.0
2026-06-23,JCX26,2026-11-01,Nov 2026,5,370.0
2026-06-23,JCZ26,2026-12-01,Dec 2026,6,375.0
2026-06-23,JCF27,2027-01-01,Jan 2027,7,397.5
2026-06-23,JCG27,2027-02-01,Feb 2027,8,397.5
2026-06-23,JCH27,2027-03-01,Mar 2027,9,400.0
2026-06-24,JCM26,2026-06-01,Jun 2026,0,397.0
2026-06-24,JCN26,2026-07-01,Jul 2026,1,357.5
2026-06-24,JCQ26,2026-08-01,Aug 2026,2,360.0
2026-06-24,JCU26,2026-09-01,Sep 2026,3,370.0
2026-06-24,JCV26,2026-10-01,Oct 2026,4,365.0
2026-06-24,JCX26,2026-11-01,Nov 2026,5,372.5
2026-06-24,JCZ26,2026-12-01,Dec 2026,6,372.5
2026-06-24,JCF27,2027-01-01,Jan 2027,7,390.0
2026-06-24,JCG27,2027-02-01,Feb 2027,8,390.0
2026-06-24,JCH27,2027-03-01,Mar 2027,9,390.0
2026-06-25,JCM26,2026-06-01,Jun 2026,0,395.25
2026-06-25,JCN26,2026-07-01,Jul 2026,1,361.0
2026-06-25,JCQ26,2026-08-01,Aug 2026,2,366.5
2026-06-25,JCU26,2026-09-01,Sep 2026,3,371.5
2026-06-25,JCV26,2026-10-01,Oct 2026,4,367.5
2026-06-25,JCX26,2026-11-01,Nov 2026,5,370.0
2026-06-25,JCZ26,2026-12-01,Dec 2026,6,375.0
2026-06-25,JCF27,2027-01-01,Jan 2027,7,400.0
2026-06-25,JCG27,2027-02-01,Feb 2027,8,400.0
2026-06-25,JCH27,2027-03-01,Mar 2027,9,405.0
2026-06-26,JCM26,2026-06-01,Jun 2026,0,393.25
2026-06-26,JCN26,2026-07-01,Jul 2026,1,361.0
2026-06-26,JCQ26,2026-08-01,Aug 2026,2,367.5
2026-06-26,JCU26,2026-09-01,Sep 2026,3,372.5
2026-06-26,JCV26,2026-10-01,Oct 2026,4,372.5
2026-06-26,JCX26,2026-11-01,Nov 2026,5,380.0
2026-06-26,JCZ26,2026-12-01,Dec 2026,6,382.5
2026-06-26,JCF27,2027-01-01,Jan 2027,7,397.5
2026-06-26,JCG27,2027-02-01,Feb 2027,8,400.0
2026-06-26,JCH27,2027-03-01,Mar 2027,9,405.0
2026-06-27,JCM26,2026-06-01,Jun 2026,0,391.5
2026-06-27,JCN26,2026-07-01,Jul 2026,1,366.5
2026-06-27,JCQ26,2026-08-01,Aug 2026,2,372.5
2026-06-27,JCU26,2026-09-01,Sep 2026,3,382.5
2026-06-27,JCV26,2026-10-01,Oct 2026,4,375.0
2026-06-27,JCX26,2026-11-01,Nov 2026,5,380.0
2026-06-27,JCZ26,2026-12-01,Dec 2026,6,382.5
2026-06-27,JCF27,2027-01-01,Jan 2027,7,397.5
2026-06-27,JCG27,2027-02-01,Feb 2027,8,400.0
2026-06-27,JCH27,2027-03-01,Mar 2027,9,405.0
2026-06-28,JCM26,2026-06-01,Jun 2026,0,391.5
2026-06-28,JCN26,2026-07-01,Jul 2026,1,366.5
2026-06-28,JCQ26,2026-08-01,Aug 2026,2,372.5
2026-06-28,JCU26,2026-09-01,Sep 2026,3,382.5
2026-06-28,JCV26,2026-10-01,Oct 2026,4,375.0
2026-06-28,JCX26,2026-11-01,Nov 2026,5,380.0
2026-06-28,JCZ26,2026-12-01,Dec 2026,6,382.5
2026-06-28,JCF27,2027-01-01,Jan 2027,7,397.5
2026-06-28,JCG27,2027-02-01,Feb 2027,8,400.0
2026-06-28,JCH27,2027-03-01,Mar 2027,9,405.0
2026-06-29,JCM26,2026-06-01,Jun 2026,0,391.5
2026-06-29,JCN26,2026-07-01,Jul 2026,1,366.5
2026-06-29,JCQ26,2026-08-01,Aug 2026,2,372.5
2026-06-29,JCU26,2026-09-01,Sep 2026,3,382.5
2026-06-29,JCV26,2026-10-01,Oct 2026,4,375.0
2026-06-29,JCX26,2026-11-01,Nov 2026,5,380.0
2026-06-29,JCZ26,2026-12-01,Dec 2026,6,382.5
2026-06-29,JCF27,2027-01-01,Jan 2027,7,397.5
2026-06-29,JCG27,2027-02-01,Feb 2027,8,400.0
2026-06-29,JCH27,2027-03-01,Mar 2027,9,405.0
2026-06-30,JCM26,2026-06-01,Jun 2026,0,390.25
2026-06-30,JCN26,2026-07-01,Jul 2026,1,368.0
2026-06-30,JCQ26,2026-08-01,Aug 2026,2,373.5
2026-06-30,JCU26,2026-09-01,Sep 2026,3,379.0
2026-06-30,JCV26,2026-10-01,Oct 2026,4,375.0
2026-06-30,JCX26,2026-11-01,Nov 2026,5,380.0
2026-06-30,JCZ26,2026-12-01,Dec 2026,6,382.5
2026-06-30,JCF27,2027-01-01,Jan 2027,7,397.5
2026-06-30,JCG27,2027-02-01,Feb 2027,8,400.0
2026-06-30,JCH27,2027-03-01,Mar 2027,9,405.0
2026-07-01,JCN26,2026-07-01,Jul 2026,0,361.0
2026-07-01,JCQ26,2026-08-01,Aug 2026,1,368.0
2026-07-01,JCU26,2026-09-01,Sep 2026,2,369.0
2026-07-01,JCV26,2026-10-01,Oct 2026,3,375.0
2026-07-01,JCX26,2026-11-01,Nov 2026,4,380.0
2026-07-01,JCZ26,2026-12-01,Dec 2026,5,382.5
2026-07-01,JCF27,2027-01-01,Jan 2027,6,397.5
2026-07-01,JCG27,2027-02-01,Feb 2027,7,400.0
2026-07-01,JCH27,2027-03-01,Mar 2027,8,405.0
2026-07-02,JCN26,2026-07-01,Jul 2026,0,360.0
2026-07-02,JCQ26,2026-08-01,Aug 2026,1,362.5
2026-07-02,JCU26,2026-09-01,Sep 2026,2,372.0
2026-07-02,JCV26,2026-10-01,Oct 2026,3,372.5
2026-07-02,JCX26,2026-11-01,Nov 2026,4,375.0
2026-07-02,JCZ26,2026-12-01,Dec 2026,5,375.0
2026-07-02,JCF27,2027-01-01,Jan 2027,6,395.0
2026-07-02,JCG27,2027-02-01,Feb 2027,7,397.5
2026-07-02,JCH27,2027-03-01,Mar 2027,8,400.0
2026-07-03,JCN26,2026-07-01,Jul 2026,0,357.5
2026-07-03,JCQ26,2026-08-01,Aug 2026,1,362.0
2026-07-03,JCU26,2026-09-01,Sep 2026,2,368.5
2026-07-03,JCV26,2026-10-01,Oct 2026,3,372.5
2026-07-03,JCX26,2026-11-01,Nov 2026,4,375.0
2026-07-03,JCZ26,2026-12-01,Dec 2026,5,377.5
2026-07-03,JCF27,2027-01-01,Jan 2027,6,392.5
2026-07-03,JCG27,2027-02-01,Feb 2027,7,400.0
2026-07-03,JCH27,2027-03-01,Mar 2027,8,405.0
2026-07-04,JCN26,2026-07-01,Jul 2026,0,357.5
2026-07-04,JCQ26,2026-08-01,Aug 2026,1,362.0
2026-07-04,JCU26,2026-09-01,Sep 2026,2,368.5
2026-07-04,JCV26,2026-10-01,Oct 2026,3,372.5
2026-07-04,JCX26,2026-11-01,Nov 2026,4,375.0
2026-07-04,JCZ26,2026-12-01,Dec 2026,5,377.5
2026-07-04,JCF27,2027-01-01,Jan 2027,6,392.5
2026-07-04,JCG27,2027-02-01,Feb 2027,7,400.0
2026-07-04,JCH27,2027-03-01,Mar 2027,8,405.0
2026-07-05,JCN26,2026-07-01,Jul 2026,0,357.5
2026-07-05,JCQ26,2026-08-01,Aug 2026,1,362.0
2026-07-05,JCU26,2026-09-01,Sep 2026,2,368.5
2026-07-05,JCV26,2026-10-01,Oct 2026,3,372.5
2026-07-05,JCX26,2026-11-01,Nov 2026,4,375.0
2026-07-05,JCZ26,2026-12-01,Dec 2026,5,377.5
2026-07-05,JCF27,2027-01-01,Jan 2027,6,392.5
2026-07-05,JCG27,2027-02-01,Feb 2027,7,400.0
2026-07-05,JCH27,2027-03-01,Mar 2027,8,405.0
2026-07-06,JCN26,2026-07-01,Jul 2026,0,357.5
2026-07-06,JCQ26,2026-08-01,Aug 2026,1,362.0
2026-07-06,JCU26,2026-09-01,Sep 2026,2,368.5
2026-07-06,JCV26,2026-10-01,Oct 2026,3,372.5
2026-07-06,JCX26,2026-11-01,Nov 2026,4,375.0
2026-07-06,JCZ26,2026-12-01,Dec 2026,5,377.5
2026-07-06,JCF27,2027-01-01,Jan 2027,6,392.5
2026-07-06,JCG27,2027-02-01,Feb 2027,7,400.0
2026-07-06,JCH27,2027-03-01,Mar 2027,8,405.0
2026-07-07,JCN26,2026-07-01,Jul 2026,0,359.75
2026-07-07,JCQ26,2026-08-01,Aug 2026,1,365.5
2026-07-07,JCU26,2026-09-01,Sep 2026,2,368.5
2026-07-07,JCV26,2026-10-01,Oct 2026,3,372.5
2026-07-07,JCX26,2026-11-01,Nov 2026,4,375.0
2026-07-07,JCZ26,2026-12-01,Dec 2026,5,377.5
2026-07-07,JCF27,2027-01-01,Jan 2027,6,392.5
2026-07-07,JCG27,2027-02-01,Feb 2027,7,400.0
2026-07-07,JCH27,2027-03-01,Mar 2027,8,405.0
2026-07-08,JCN26,2026-07-01,Jul 2026,0,362.0
2026-07-08,JCQ26,2026-08-01,Aug 2026,1,372.0
2026-07-08,JCU26,2026-09-01,Sep 2026,2,377.0
2026-07-08,JCV26,2026-10-01,Oct 2026,3,375.0
2026-07-08,JCX26,2026-11-01,Nov 2026,4,375.0
2026-07-08,JCZ26,2026-12-01,Dec 2026,5,377.5
2026-07-08,JCF27,2027-01-01,Jan 2027,6,395.0
2026-07-08,JCG27,2027-02-01,Feb 2027,7,397.5
2026-07-08,JCH27,2027-03-01,Mar 2027,8,405.0
2026-07-09,JCN26,2026-07-01,Jul 2026,0,363.5
2026-07-09,JCQ26,2026-08-01,Aug 2026,1,385.0
2026-07-09,JCU26,2026-09-01,Sep 2026,2,395.0
2026-07-09,JCV26,2026-10-01,Oct 2026,3,397.5
2026-07-09,JCX26,2026-11-01,Nov 2026,4,397.5
2026-07-09,JCZ26,2026-12-01,Dec 2026,5,397.5
2026-07-09,JCF27,2027-01-01,Jan 2027,6,400.0
2026-07-09,JCG27,2027-02-01,Feb 2027,7,405.0
2026-07-09,JCH27,2027-03-01,Mar 2027,8,405.0
2026-07-10,JCN26,2026-07-01,Jul 2026,0,369.75
2026-07-10,JCQ26,2026-08-01,Aug 2026,1,411.5
2026-07-10,JCU26,2026-09-01,Sep 2026,2,416.5
2026-07-10,JCV26,2026-10-01,Oct 2026,3,405.0
2026-07-10,JCX26,2026-11-01,Nov 2026,4,405.0
2026-07-10,JCZ26,2026-12-01,Dec 2026,5,405.0
2026-07-10,JCF27,2027-01-01,Jan 2027,6,410.0
2026-07-10,JCG27,2027-02-01,Feb 2027,7,410.0
2026-07-10,JCH27,2027-03-01,Mar 2027,8,415.0
2026-07-11,JCN26,2026-07-01,Jul 2026,0,372.5
2026-07-11,JCQ26,2026-08-01,Aug 2026,1,387.5
2026-07-11,JCU26,2026-09-01,Sep 2026,2,395.0
2026-07-11,JCV26,2026-10-01,Oct 2026,3,392.5
2026-07-11,JCX26,2026-11-01,Nov 2026,4,390.0
2026-07-11,JCZ26,2026-12-01,Dec 2026,5,390.0
2026-07-11,JCF27,2027-01-01,Jan 2027,6,390.0
2026-07-11,JCG27,2027-02-01,Feb 2027,7,390.0
2026-07-11,JCH27,2027-03-01,Mar 2027,8,390.0
2026-07-12,JCN26,2026-07-01,Jul 2026,0,372.5
2026-07-12,JCQ26,2026-08-01,Aug 2026,1,387.5
2026-07-12,JCU26,2026-09-01,Sep 2026,2,395.0
2026-07-12,JCV26,2026-10-01,Oct 2026,3,392.5
2026-07-12,JCX26,2026-11-01,Nov 2026,4,390.0
2026-07-12,JCZ26,2026-12-01,Dec 2026,5,390.0
2026-07-12,JCF27,2027-01-01,Jan 2027,6,390.0
2026-07-12,JCG27,2027-02-01,Feb 2027,7,390.0
2026-07-12,JCH27,2027-03-01,Mar 2027,8,390.0
2026-07-13,JCN26,2026-07-01,Jul 2026,0,372.5
2026-07-13,JCQ26,2026-08-01,Aug 2026,1,387.5
2026-07-13,JCU26,2026-09-01,Sep 2026,2,395.0
2026-07-13,JCV26,2026-10-01,Oct 2026,3,392.5
2026-07-13,JCX26,2026-11-01,Nov 2026,4,390.0
2026-07-13,JCZ26,2026-12-01,Dec 2026,5,390.0
2026-07-13,JCF27,2027-01-01,Jan 2027,6,390.0
2026-07-13,JCG27,2027-02-01,Feb 2027,7,390.0
2026-07-13,JCH27,2027-03-01,Mar 2027,8,390.0
2026-07-14,JCN26,2026-07-01,Jul 2026,0,383.0
2026-07-14,JCQ26,2026-08-01,Aug 2026,1,415.5
2026-07-14,JCU26,2026-09-01,Sep 2026,2,417.5
2026-07-14,JCV26,2026-10-01,Oct 2026,3,407.5
2026-07-14,JCX26,2026-11-01,Nov 2026,4,410.0
2026-07-14,JCZ26,2026-12-01,Dec 2026,5,405.0
2026-07-14,JCF27,2027-01-01,Jan 2027,6,405.0
2026-07-14,JCG27,2027-02-01,Feb 2027,7,410.0
2026-07-14,JCH27,2027-03-01,Mar 2027,8,410.0
2026-07-15,JCN26,2026-07-01,Jul 2026,0,379.0
2026-07-15,JCQ26,2026-08-01,Aug 2026,1,420.0
2026-07-15,JCU26,2026-09-01,Sep 2026,2,422.5
2026-07-15,JCV26,2026-10-01,Oct 2026,3,415.0
2026-07-15,JCX26,2026-11-01,Nov 2026,4,415.0
2026-07-15,JCZ26,2026-12-01,Dec 2026,5,410.0
2026-07-15,JCF27,2027-01-01,Jan 2027,6,410.0
2026-07-15,JCG27,2027-02-01,Feb 2027,7,412.5
2026-07-15,JCH27,2027-03-01,Mar 2027,8,415.0
2026-07-16,JCN26,2026-07-01,Jul 2026,0,379.0
2026-07-16,JCQ26,2026-08-01,Aug 2026,1,417.5
2026-07-16,JCU26,2026-09-01,Sep 2026,2,422.5
2026-07-16,JCV26,2026-10-01,Oct 2026,3,412.5
2026-07-16,JCX26,2026-11-01,Nov 2026,4,415.0
2026-07-16,JCZ26,2026-12-01,Dec 2026,5,410.0
2026-07-16,JCF27,2027-01-01,Jan 2027,6,410.0
2026-07-16,JCG27,2027-02-01,Feb 2027,7,412.5
2026-07-16,JCH27,2027-03-01,Mar 2027,8,415.0
2026-07-17,JCN26,2026-07-01,Jul 2026,0,384.0
2026-07-17,JCQ26,2026-08-01,Aug 2026,1,424.0
2026-07-17,JCU26,2026-09-01,Sep 2026,2,425.0
2026-07-17,JCV26,2026-10-01,Oct 2026,3,419.0
2026-07-17,JCX26,2026-11-01,Nov 2026,4,415.0
2026-07-17,JCZ26,2026-12-01,Dec 2026,5,410.0
2026-07-17,JCF27,2027-01-01,Jan 2027,6,415.0
2026-07-17,JCG27,2027-02-01,Feb 2027,7,417.5
2026-07-17,JCH27,2027-03-01,Mar 2027,8,420.0
2026-07-18,JCN26,2026-07-01,Jul 2026,0,387.5
2026-07-18,JCQ26,2026-08-01,Aug 2026,1,421.5
2026-07-18,JCU26,2026-09-01,Sep 2026,2,423.0
2026-07-18,JCV26,2026-10-01,Oct 2026,3,420.0
2026-07-18,JCX26,2026-11-01,Nov 2026,4,414.0
2026-07-18,JCZ26,2026-12-01,Dec 2026,5,412.5
2026-07-18,JCF27,2027-01-01,Jan 2027,6,415.0
2026-07-18,JCG27,2027-02-01,Feb 2027,7,417.5
2026-07-18,JCH27,2027-03-01,Mar 2027,8,420.0
2026-07-19,JCN26,2026-07-01,Jul 2026,0,387.5
2026-07-19,JCQ26,2026-08-01,Aug 2026,1,421.5
2026-07-19,JCU26,2026-09-01,Sep 2026,2,423.0
2026-07-19,JCV26,2026-10-01,Oct 2026,3,420.0
2026-07-19,JCX26,2026-11-01,Nov 2026,4,414.0
2026-07-19,JCZ26,2026-12-01,Dec 2026,5,412.5
2026-07-19,JCF27,2027-01-01,Jan 2027,6,415.0
2026-07-19,JCG27,2027-02-01,Feb 2027,7,417.5
2026-07-19,JCH27,2027-03-01,Mar 2027,8,420.0
2026-07-20,JCN26,2026-07-01,Jul 2026,0,387.5
2026-07-20,JCQ26,2026-08-01,Aug 2026,1,421.5
2026-07-20,JCU26,2026-09-01,Sep 2026,2,423.0
2026-07-20,JCV26,2026-10-01,Oct 2026,3,420.0
2026-07-20,JCX26,2026-11-01,Nov 2026,4,414.0
2026-07-20,JCZ26,2026-12-01,Dec 2026,5,412.5
2026-07-20,JCF27,2027-01-01,Jan 2027,6,415.0
2026-07-20,JCG27,2027-02-01,Feb 2027,7,417.5
2026-07-20,JCH27,2027-03-01,Mar 2027,8,420.0
2026-07-21,JCN26,2026-07-01,Jul 2026,0,389.0
2026-07-21,JCQ26,2026-08-01,Aug 2026,1,421.5
2026-07-21,JCU26,2026-09-01,Sep 2026,2,425.0
2026-07-21,JCV26,2026-10-01,Oct 2026,3,420.0
2026-07-21,JCX26,2026-11-01,Nov 2026,4,414.0
2026-07-21,JCZ26,2026-12-01,Dec 2026,5,412.5
2026-07-21,JCF27,2027-01-01,Jan 2027,6,415.0
2026-07-21,JCG27,2027-02-01,Feb 2027,7,417.5
2026-07-21,JCH27,2027-03-01,Mar 2027,8,420.0
2026-07-22,JCN26,2026-07-01,Jul 2026,0,393.25
2026-07-22,JCQ26,2026-08-01,Aug 2026,1,430.0
2026-07-22,JCU26,2026-09-01,Sep 2026,2,435.0
2026-07-22,JCV26,2026-10-01,Oct 2026,3,424.5
2026-07-22,JCX26,2026-11-01,Nov 2026,4,423.0
2026-07-22,JCZ26,2026-12-01,Dec 2026,5,420.0
2026-07-22,JCF27,2027-01-01,Jan 2027,6,420.0
2026-07-22,JCG27,2027-02-01,Feb 2027,7,422.5
2026-07-22,JCH27,2027-03-01,Mar 2027,8,422.5
2026-07-23,JCN26,2026-07-01,Jul 2026,0,394.75
2026-07-23,JCQ26,2026-08-01,Aug 2026,1,439.0
2026-07-23,JCU26,2026-09-01,Sep 2026,2,446.0
2026-07-23,JCV26,2026-10-01,Oct 2026,3,435.0
2026-07-23,JCX26,2026-11-01,Nov 2026,4,426.5
2026-07-23,JCZ26,2026-12-01,Dec 2026,5,420.0
2026-07-23,JCF27,2027-01-01,Jan 2027,6,422.5
2026-07-23,JCG27,2027-02-01,Feb 2027,7,425.0
2026-07-23,JCH27,2027-03-01,Mar 2027,8,427.5
2026-07-24,JCN26,2026-07-01,Jul 2026,0,397.25
2026-07-24,JCQ26,2026-08-01,Aug 2026,1,449.5
2026-07-24,JCU26,2026-09-01,Sep 2026,2,452.0
2026-07-24,JCV26,2026-10-01,Oct 2026,3,442.5
2026-07-24,JCX26,2026-11-01,Nov 2026,4,438.0
2026-07-24,JCZ26,2026-12-01,Dec 2026,5,435.0
2026-07-24,JCF27,2027-01-01,Jan 2027,6,436.0
2026-07-24,JCG27,2027-02-01,Feb 2027,7,438.5
2026-07-24,JCH27,2027-03-01,Mar 2027,8,441.0
2026-07-25,JCN26,2026-07-01,Jul 2026,0,399.0
2026-07-25,JCQ26,2026-08-01,Aug 2026,1,447.5
2026-07-25,JCU26,2026-09-01,Sep 2026,2,451.0
2026-07-25,JCV26,2026-10-01,Oct 2026,3,442.5
2026-07-25,JCX26,2026-11-01,Nov 2026,4,438.0
2026-07-25,JCZ26,2026-12-01,Dec 2026,5,435.0
2026-07-25,JCF27,2027-01-01,Jan 2027,6,436.0
2026-07-25,JCG27,2027-02-01,Feb 2027,7,438.5
2026-07-25,JCH27,2027-03-01,Mar 2027,8,441.0
2026-07-26,JCN26,2026-07-01,Jul 2026,0,399.0
2026-07-26,JCQ26,2026-08-01,Aug 2026,1,447.5
2026-07-26,JCU26,2026-09-01,Sep 2026,2,451.0
2026-07-26,JCV26,2026-10-01,Oct 2026,3,442.5
2026-07-26,JCX26,2026-11-01,Nov 2026,4,438.0
2026-07-26,JCZ26,2026-12-01,Dec 2026,5,435.0
2026-07-26,JCF27,2027-01-01,Jan 2027,6,436.0
2026-07-26,JCG27,2027-02-01,Feb 2027,7,438.5
2026-07-26,JCH27,2027-03-01,Mar 2027,8,441.0
2026-07-27,JCN26,2026-07-01,Jul 2026,0,399.0
2026-07-27,JCQ26,2026-08-01,Aug 2026,1,447.5
2026-07-27,JCU26,2026-09-01,Sep 2026,2,451.0
2026-07-27,JCV26,2026-10-01,Oct 2026,3,442.5
2026-07-27,JCX26,2026-11-01,Nov 2026,4,438.0
2026-07-27,JCZ26,2026-12-01,Dec 2026,5,435.0
2026-07-27,JCF27,2027-01-01,Jan 2027,6,436.0
2026-07-27,JCG27,2027-02-01,Feb 2027,7,438.5
2026-07-27,JCH27,2027-03-01,Mar 2027,8,441.0
2026-07-28,JCN26,2026-07-01,Jul 2026,0,399.75
2026-07-28,JCQ26,2026-08-01,Aug 2026,1,425.0
2026-07-28,JCU26,2026-09-01,Sep 2026,2,430.0
2026-07-28,JCV26,2026-10-01,Oct 2026,3,425.0
2026-07-28,JCX26,2026-11-01,Nov 2026,4,420.0
2026-07-28,JCZ26,2026-12-01,Dec 2026,5,415.0
2026-07-28,JCF27,2027-01-01,Jan 2027,6,415.0
2026-07-28,JCG27,2027-02-01,Feb 2027,7,422.5
2026-07-28,JCH27,2027-03-01,Mar 2027,8,425.0
